{
    "Environment": "DEV",
    "siteKey": "6Le6DqsZAAAAACW2N0MCaGcN0puUMygxPj8OiTcA",
    "DevEndpointAutoData": "https://deverp.afnic.ae/bts-portal/api/tpi-services/",
    "OcrEndpoint": "https://deverp.afnic.ae/bts-portal/api/ocr-service/api/",
    "GreyImport": "https://deverp.afnic.ae/bts-portal/api/tpi-services/",
    "DevEndpointdbsync": "https://deverp.afnic.ae/bts-portal/api/bts-service/",
    "DevEndpoint": "https://deverp.afnic.ae/bts-portal/api/",
    "DevEndpoint2": "https://deverp.afnic.ae/bts-portal/api/portal-service/",
    "PaymentEndpoint": "https://deverp.afnic.ae/payment-service-afnic/",
    "enableLanguageChange": true,
    "PrevPolExpiryDate": 60,
    "LicenseIssuedDateGreaterThanDOB": 18,
    "DateOfBirthGreaterThan": 18,
    "FullInsuranceVehicleAgeGreaterThan": 10,
    "PolicyStartDateGreaterThan": 30,
    "InsideAgency": 2,
    "OutsideAgency": 5,
    "VehicleDetailsNCDYears": 0,
    "VehicleValueAdd": 100,
    "VehicleValueMinus": 100,
    "DisplayingDateFormat": "dd/MM/yyyy",
    "DatePickerFormat": "DD/MM/YYYY",
    "MinFirstRegistrationDate": {
        "OneYearLessThanMakeYear": true,
        "PastYear": false
    },
    "MaxFirstRegistrationDate": {
        "TillMakeYear": false,
        "TillCurrentYear": true,
        "TillFeatureYear": false
    },
    "IdleTimeOut": {
        "TimeOutIn": 300,
        "Timer": 2
    },
    "travelEnableYN": "Y",
    "companyname": "AFNIC",
    "currency": "AED",
    "full_insurance": "1113",
    "third_party_insurance": "1116",
    "tenants_compensation": "5113",
    "home_owners_insurance": "5114",
    "world_wide_personal_accident": "5115",
    "travel_insurance": "8108",
    "lobid": "3",
    "defaultvehicleusage": "1001",
    "enablevehicleusage": false,
    "enableotpvalidation": true,
    "differentotp": true
}